[
  {
    "text": "一句话",
    "start": 0.1,
    "end": 0.675
  },
  {
    "text": "概括",
    "start": 0.7,
    "end": 1.05
  },
  {
    "text": "网络",
    "start": 1.075,
    "end": 1.337
  },
  {
    "text": "国家",
    "start": 1.35,
    "end": 1.75
  },
  {
    "text": "用",
    "start": 2.325,
    "end": 2.588
  },
  {
    "text": "一句话",
    "start": 2.6,
    "end": 3.087
  },
  {
    "text": "非正式",
    "start": 3.112,
    "end": 3.587
  },
  {
    "text": "地",
    "start": 3.587,
    "end": 3.675
  },
  {
    "text": "概括",
    "start": 3.688,
    "end": 4.162
  },
  {
    "text": "网络",
    "start": 4.612,
    "end": 5.05
  },
  {
    "text": "国家",
    "start": 5.062,
    "end": 5.438
  },
  {
    "text": "是",
    "start": 5.463,
    "end": 5.613
  },
  {
    "text": "一个",
    "start": 5.612,
    "end": 5.888
  },
  {
    "text": "高度",
    "start": 5.912,
    "end": 6.275
  },
  {
    "text": "一致",
    "start": 6.287,
    "end": 6.575
  },
  {
    "text": "的",
    "start": 6.575,
    "end": 6.713
  },
  {
    "text": "在线",
    "start": 6.737,
    "end": 7.05
  },
  {
    "text": "社区",
    "start": 7.062,
    "end": 7.525
  },
  {
    "text": "它",
    "start": 7.775,
    "end": 8.0
  },
  {
    "text": "具备",
    "start": 8.012,
    "end": 8.35
  },
  {
    "text": "集体",
    "start": 8.375,
    "end": 8.688
  },
  {
    "text": "行动",
    "start": 8.7,
    "end": 9.037
  },
  {
    "text": "的",
    "start": 9.037,
    "end": 9.112
  },
  {
    "text": "能力",
    "start": 9.125,
    "end": 9.488
  },
  {
    "text": "通过",
    "start": 9.675,
    "end": 10.038
  },
  {
    "text": "众筹",
    "start": 10.05,
    "end": 10.538
  },
  {
    "text": "在",
    "start": 10.637,
    "end": 10.912
  },
  {
    "text": "全球",
    "start": 10.925,
    "end": 11.288
  },
  {
    "text": "范围",
    "start": 11.3,
    "end": 11.562
  },
  {
    "text": "内",
    "start": 11.562,
    "end": 11.762
  },
  {
    "text": "获取",
    "start": 11.787,
    "end": 12.1
  },
  {
    "text": "领土",
    "start": 12.113,
    "end": 12.638
  },
  {
    "text": "并",
    "start": 12.8,
    "end": 13.062
  },
  {
    "text": "最终",
    "start": 13.075,
    "end": 13.412
  },
  {
    "text": "获得",
    "start": 13.425,
    "end": 13.763
  },
  {
    "text": "现有",
    "start": 13.787,
    "end": 14.075
  },
  {
    "text": "国家",
    "start": 14.088,
    "end": 14.375
  },
  {
    "text": "的",
    "start": 14.375,
    "end": 14.537
  },
  {
    "text": "外交",
    "start": 14.562,
    "end": 14.95
  },
  {
    "text": "承认",
    "start": 14.963,
    "end": 15.275
  },
  {
    "text": "公约",
    "start": 15.287,
    "end": 15.713
  },
  {
    "text": "当",
    "start": 16.288,
    "end": 16.438
  },
  {
    "text": "我们",
    "start": 16.45,
    "end": 16.637
  },
  {
    "text": "想到",
    "start": 16.65,
    "end": 16.987
  },
  {
    "text": "民族",
    "start": 17.012,
    "end": 17.337
  },
  {
    "text": "国家",
    "start": 17.35,
    "end": 17.638
  },
  {
    "text": "时",
    "start": 17.637,
    "end": 17.938
  },
  {
    "text": "我们",
    "start": 18.038,
    "end": 18.3
  },
  {
    "text": "立刻",
    "start": 18.312,
    "end": 18.613
  },
  {
    "text": "想到",
    "start": 18.625,
    "end": 19.012
  },
  {
    "text": "的",
    "start": 19.012,
    "end": 19.15
  },
  {
    "text": "是",
    "start": 19.15,
    "end": 19.312
  },
  {
    "text": "土地",
    "start": 19.325,
    "end": 19.837
  },
  {
    "text": "但",
    "start": 20.188,
    "end": 20.4
  },
  {
    "text": "当",
    "start": 20.4,
    "end": 20.525
  },
  {
    "text": "我们",
    "start": 20.538,
    "end": 20.713
  },
  {
    "text": "想到",
    "start": 20.725,
    "end": 21.025
  },
  {
    "text": "网络",
    "start": 21.05,
    "end": 21.3
  },
  {
    "text": "国家",
    "start": 21.312,
    "end": 21.663
  },
  {
    "text": "时",
    "start": 21.663,
    "end": 21.963
  },
  {
    "text": "我们",
    "start": 22.113,
    "end": 22.35
  },
  {
    "text": "应该",
    "start": 22.363,
    "end": 22.65
  },
  {
    "text": "立刻",
    "start": 22.675,
    "end": 23.012
  },
  {
    "text": "想到",
    "start": 23.025,
    "end": 23.412
  },
  {
    "text": "的",
    "start": 23.413,
    "end": 23.588
  },
  {
    "text": "是",
    "start": 23.587,
    "end": 23.75
  },
  {
    "text": "心智",
    "start": 23.762,
    "end": 24.212
  },
  {
    "text": "也就是说",
    "start": 24.788,
    "end": 25.475
  },
  {
    "text": "如果",
    "start": 25.675,
    "end": 26.075
  },
  {
    "text": "民族",
    "start": 26.1,
    "end": 26.4
  },
  {
    "text": "国家",
    "start": 26.413,
    "end": 26.688
  },
  {
    "text": "体系",
    "start": 26.7,
    "end": 27.113
  },
  {
    "text": "始于",
    "start": 27.2,
    "end": 27.537
  },
  {
    "text": "全球",
    "start": 27.562,
    "end": 27.938
  },
  {
    "text": "地图",
    "start": 27.95,
    "end": 28.462
  },
  {
    "text": "并",
    "start": 28.613,
    "end": 28.838
  },
  {
    "text": "将",
    "start": 28.837,
    "end": 29.025
  },
  {
    "text": "每",
    "start": 29.05,
    "end": 29.213
  },
  {
    "text": "一片",
    "start": 29.212,
    "end": 29.525
  },
  {
    "text": "土地",
    "start": 29.538,
    "end": 29.963
  },
  {
    "text": "分配",
    "start": 30.062,
    "end": 30.45
  },
  {
    "text": "给",
    "start": 30.45,
    "end": 30.6
  },
  {
    "text": "一个",
    "start": 30.613,
    "end": 30.838
  },
  {
    "text": "单一",
    "start": 30.863,
    "end": 31.113
  },
  {
    "text": "国家",
    "start": 31.125,
    "end": 31.587
  },
  {
    "text": "那么",
    "start": 31.8,
    "end": 32.175
  },
  {
    "text": "网络",
    "start": 32.288,
    "end": 32.7
  },
  {
    "text": "国家",
    "start": 32.712,
    "end": 32.975
  },
  {
    "text": "体系",
    "start": 32.987,
    "end": 33.438
  },
  {
    "text": "则",
    "start": 33.538,
    "end": 33.75
  },
  {
    "text": "始",
    "start": 33.75,
    "end": 33.9
  },
  {
    "text": "于",
    "start": 33.9,
    "end": 34.05
  },
  {
    "text": "全球",
    "start": 34.062,
    "end": 34.438
  },
  {
    "text": "70多亿",
    "start": 34.462,
    "end": 34.975
  },
  {
    "text": "人口",
    "start": 34.987,
    "end": 35.462
  },
  {
    "text": "并",
    "start": 35.7,
    "end": 35.963
  },
  {
    "text": "吸引",
    "start": 35.975,
    "end": 36.325
  },
  {
    "text": "每",
    "start": 36.35,
    "end": 36.5
  },
  {
    "text": "一个",
    "start": 36.5,
    "end": 36.7
  },
  {
    "text": "心智",
    "start": 36.712,
    "end": 37.15
  },
  {
    "text": "加入",
    "start": 37.237,
    "end": 37.587
  },
  {
    "text": "一个",
    "start": 37.6,
    "end": 37.975
  },
  {
    "text": "或",
    "start": 38.0,
    "end": 38.263
  },
  {
    "text": "多个",
    "start": 38.275,
    "end": 38.612
  },
  {
    "text": "网络",
    "start": 38.625,
    "end": 39.0
  },
  {
    "text": "以下",
    "start": 39.575,
    "end": 40.038
  },
  {
    "text": "是",
    "start": 40.062,
    "end": 40.2
  },
  {
    "text": "一个",
    "start": 40.2,
    "end": 40.45
  },
  {
    "text": "更",
    "start": 40.475,
    "end": 40.65
  },
  {
    "text": "复杂",
    "start": 40.65,
    "end": 41.0
  },
  {
    "text": "的",
    "start": 41.0,
    "end": 41.087
  },
  {
    "text": "定义",
    "start": 41.1,
    "end": 41.462
  },
  {
    "text": "它",
    "start": 41.812,
    "end": 42.013
  },
  {
    "text": "扩展",
    "start": 42.025,
    "end": 42.312
  },
  {
    "text": "了",
    "start": 42.312,
    "end": 42.425
  },
  {
    "text": "上述",
    "start": 42.45,
    "end": 42.8
  },
  {
    "text": "概念",
    "start": 42.812,
    "end": 43.212
  },
  {
    "text": "并",
    "start": 43.3,
    "end": 43.575
  },
  {
    "text": "预先",
    "start": 43.587,
    "end": 43.987
  },
  {
    "text": "涵盖",
    "start": 44.0,
    "end": 44.375
  },
  {
    "text": "了",
    "start": 44.375,
    "end": 44.487
  },
  {
    "text": "许多",
    "start": 44.513,
    "end": 44.9
  },
  {
    "text": "边缘",
    "start": 44.913,
    "end": 45.212
  },
  {
    "text": "情况",
    "start": 45.225,
    "end": 45.638
  },
  {
    "text": "网络",
    "start": 46.1,
    "end": 46.5
  },
  {
    "text": "国家",
    "start": 46.513,
    "end": 46.875
  },
  {
    "text": "是",
    "start": 46.9,
    "end": 47.05
  },
  {
    "text": "一个",
    "start": 47.05,
    "end": 47.287
  },
  {
    "text": "社交",
    "start": 47.312,
    "end": 47.638
  },
  {
    "text": "网络",
    "start": 47.65,
    "end": 48.087
  },
  {
    "text": "它",
    "start": 48.3,
    "end": 48.537
  },
  {
    "text": "具备",
    "start": 48.55,
    "end": 48.887
  },
  {
    "text": "道德",
    "start": 48.913,
    "end": 49.212
  },
  {
    "text": "创新",
    "start": 49.225,
    "end": 49.725
  },
  {
    "text": "拥有",
    "start": 49.938,
    "end": 50.362
  },
  {
    "text": "民族",
    "start": 50.388,
    "end": 50.75
  },
  {
    "text": "意识",
    "start": 50.763,
    "end": 51.175
  },
  {
    "text": "公认",
    "start": 51.263,
    "end": 51.625
  },
  {
    "text": "的",
    "start": 51.625,
    "end": 51.725
  },
  {
    "text": "创始人",
    "start": 51.737,
    "end": 52.312
  },
  {
    "text": "集体",
    "start": 52.45,
    "end": 52.875
  },
  {
    "text": "行动",
    "start": 52.888,
    "end": 53.238
  },
  {
    "text": "能力",
    "start": 53.25,
    "end": 53.612
  },
  {
    "text": "线下",
    "start": 53.775,
    "end": 54.175
  },
  {
    "text": "交往",
    "start": 54.188,
    "end": 54.475
  },
  {
    "text": "中",
    "start": 54.475,
    "end": 54.613
  },
  {
    "text": "的",
    "start": 54.612,
    "end": 54.787
  },
  {
    "text": "文明",
    "start": 54.812,
    "end": 55.075
  },
  {
    "text": "程度",
    "start": 55.087,
    "end": 55.525
  },
  {
    "text": "集成",
    "start": 55.675,
    "end": 56.087
  },
  {
    "text": "的",
    "start": 56.087,
    "end": 56.275
  },
  {
    "text": "加密",
    "start": 56.3,
    "end": 56.625
  },
  {
    "text": "货币",
    "start": 56.638,
    "end": 57.025
  },
  {
    "text": "受",
    "start": 57.2,
    "end": 57.475
  },
  {
    "text": "社会",
    "start": 57.5,
    "end": 57.812
  },
  {
    "text": "智能",
    "start": 57.825,
    "end": 58.1
  },
  {
    "text": "合约",
    "start": 58.112,
    "end": 58.525
  },
  {
    "text": "约束",
    "start": 58.625,
    "end": 59.013
  },
  {
    "text": "的",
    "start": 59.013,
    "end": 59.175
  },
  {
    "text": "共识政府",
    "start": 59.2,
    "end": 59.875
  },
  {
    "text": "众筹",
    "start": 59.987,
    "end": 60.25
  },
  {
    "text": "形成",
    "start": 60.263,
    "end": 60.538
  },
  {
    "text": "的",
    "start": 60.538,
    "end": 60.675
  },
  {
    "text": "实体",
    "start": 60.7,
    "end": 61.025
  },
  {
    "text": "领土",
    "start": 61.038,
    "end": 61.3
  },
  {
    "text": "群岛",
    "start": 61.312,
    "end": 61.788
  },
  {
    "text": "虚拟",
    "start": 61.875,
    "end": 62.212
  },
  {
    "text": "首都",
    "start": 62.225,
    "end": 62.725
  },
  {
    "text": "以及",
    "start": 62.9,
    "end": 63.237
  },
  {
    "text": "一",
    "start": 63.25,
    "end": 63.388
  },
  {
    "text": "份",
    "start": 63.388,
    "end": 63.588
  },
  {
    "text": "能够",
    "start": 63.612,
    "end": 63.9
  },
  {
    "text": "证明",
    "start": 63.913,
    "end": 64.325
  },
  {
    "text": "其",
    "start": 64.325,
    "end": 64.638
  },
  {
    "text": "拥有",
    "start": 64.65,
    "end": 64.988
  },
  {
    "text": "足够",
    "start": 65.013,
    "end": 65.35
  },
  {
    "text": "人口",
    "start": 65.362,
    "end": 65.837
  },
  {
    "text": "收入",
    "start": 65.925,
    "end": 66.425
  },
  {
    "text": "和",
    "start": 66.513,
    "end": 66.65
  },
  {
    "text": "房地产",
    "start": 66.662,
    "end": 67.212
  },
  {
    "text": "足迹",
    "start": 67.225,
    "end": 67.612
  },
  {
    "text": "从而",
    "start": 67.912,
    "end": 68.237
  },
  {
    "text": "获得",
    "start": 68.25,
    "end": 68.562
  },
  {
    "text": "一定",
    "start": 68.588,
    "end": 68.85
  },
  {
    "text": "程度",
    "start": 68.862,
    "end": 69.25
  },
  {
    "text": "外交",
    "start": 69.275,
    "end": 69.575
  },
  {
    "text": "承认",
    "start": 69.588,
    "end": 69.925
  },
  {
    "text": "的",
    "start": 69.925,
    "end": 70.125
  },
  {
    "text": "链上",
    "start": 70.15,
    "end": 70.5
  },
  {
    "text": "人口普查",
    "start": 70.513,
    "end": 71.288
  },
  {
    "text": "好",
    "start": 71.862,
    "end": 72.05
  },
  {
    "text": "的",
    "start": 72.05,
    "end": 72.225
  },
  {
    "text": "这个",
    "start": 72.4,
    "end": 72.663
  },
  {
    "text": "定义",
    "start": 72.675,
    "end": 73.013
  },
  {
    "text": "有点",
    "start": 73.037,
    "end": 73.262
  },
  {
    "text": "复杂",
    "start": 73.275,
    "end": 73.763
  },
  {
    "text": "之所以",
    "start": 74.338,
    "end": 74.788
  },
  {
    "text": "冗长",
    "start": 74.8,
    "end": 75.312
  },
  {
    "text": "是",
    "start": 75.463,
    "end": 75.638
  },
  {
    "text": "因为",
    "start": 75.638,
    "end": 75.987
  },
  {
    "text": "有",
    "start": 76.088,
    "end": 76.363
  },
  {
    "text": "许多",
    "start": 76.375,
    "end": 76.737
  },
  {
    "text": "互联网",
    "start": 76.75,
    "end": 77.162
  },
  {
    "text": "现象",
    "start": 77.175,
    "end": 77.625
  },
  {
    "text": "具备",
    "start": 77.725,
    "end": 78.075
  },
  {
    "text": "网络",
    "start": 78.1,
    "end": 78.4
  },
  {
    "text": "国家",
    "start": 78.412,
    "end": 78.7
  },
  {
    "text": "的",
    "start": 78.7,
    "end": 78.788
  },
  {
    "text": "部分",
    "start": 78.8,
    "end": 79.2
  },
  {
    "text": "而",
    "start": 79.287,
    "end": 79.537
  },
  {
    "text": "非",
    "start": 79.537,
    "end": 79.7
  },
  {
    "text": "全部",
    "start": 79.725,
    "end": 80.162
  },
  {
    "text": "特征",
    "start": 80.175,
    "end": 80.562
  },
  {
    "text": "例如",
    "start": 81.138,
    "end": 81.6
  },
  {
    "text": "比特币",
    "start": 81.763,
    "end": 82.338
  },
  {
    "text": "Facebook",
    "start": 82.45,
    "end": 82.987
  },
  {
    "text": "或",
    "start": 83.0,
    "end": 83.188
  },
  {
    "text": "DAO",
    "start": 83.2,
    "end": 83.65
  },
  {
    "text": "都",
    "start": 83.737,
    "end": 83.938
  },
  {
    "text": "不是",
    "start": 83.938,
    "end": 84.162
  },
  {
    "text": "网络",
    "start": 84.188,
    "end": 84.475
  },
  {
    "text": "国家",
    "start": 84.487,
    "end": 84.912
  },
  {
    "text": "因为",
    "start": 85.138,
    "end": 85.538
  },
  {
    "text": "它们",
    "start": 85.55,
    "end": 85.775
  },
  {
    "text": "都",
    "start": 85.787,
    "end": 85.912
  },
  {
    "text": "缺少",
    "start": 85.912,
    "end": 86.275
  },
  {
    "text": "某些",
    "start": 86.3,
    "end": 86.6
  },
  {
    "text": "核心",
    "start": 86.625,
    "end": 86.987
  },
  {
    "text": "特质",
    "start": 87.0,
    "end": 87.4
  },
  {
    "text": "比如",
    "start": 87.625,
    "end": 88.0
  },
  {
    "text": "外交",
    "start": 88.025,
    "end": 88.3
  },
  {
    "text": "承认",
    "start": 88.312,
    "end": 88.725
  },
  {
    "text": "而",
    "start": 88.95,
    "end": 89.213
  },
  {
    "text": "这些",
    "start": 89.225,
    "end": 89.562
  },
  {
    "text": "特质",
    "start": 89.575,
    "end": 89.95
  },
  {
    "text": "是",
    "start": 89.95,
    "end": 90.062
  },
  {
    "text": "我们",
    "start": 90.075,
    "end": 90.275
  },
  {
    "text": "认为",
    "start": 90.287,
    "end": 90.662
  },
  {
    "text": "任何",
    "start": 90.775,
    "end": 91.3
  },
  {
    "text": "下一代",
    "start": 91.312,
    "end": 91.737
  },
  {
    "text": "民族",
    "start": 91.763,
    "end": 92.025
  },
  {
    "text": "国家",
    "start": 92.037,
    "end": 92.462
  },
  {
    "text": "都",
    "start": 92.55,
    "end": 92.775
  },
  {
    "text": "不可或缺",
    "start": 92.787,
    "end": 93.487
  },
  {
    "text": "的",
    "start": 93.487,
    "end": 93.625
  },
  {
    "text": "如果",
    "start": 94.188,
    "end": 94.5
  },
  {
    "text": "您",
    "start": 94.513,
    "end": 94.638
  },
  {
    "text": "想",
    "start": 94.638,
    "end": 94.8
  },
  {
    "text": "跳",
    "start": 94.812,
    "end": 95.05
  },
  {
    "text": "过",
    "start": 95.05,
    "end": 95.263
  },
  {
    "text": "我们",
    "start": 95.35,
    "end": 95.562
  },
  {
    "text": "将",
    "start": 95.575,
    "end": 95.725
  },
  {
    "text": "在",
    "start": 95.725,
    "end": 95.912
  },
  {
    "text": "第五",
    "start": 95.938,
    "end": 96.225
  },
  {
    "text": "章",
    "start": 96.225,
    "end": 96.462
  },
  {
    "text": "详细",
    "start": 96.55,
    "end": 96.925
  },
  {
    "text": "阐述",
    "start": 96.938,
    "end": 97.362
  },
  {
    "text": "该",
    "start": 97.388,
    "end": 97.575
  },
  {
    "text": "定义",
    "start": 97.588,
    "end": 97.863
  },
  {
    "text": "的",
    "start": 97.862,
    "end": 97.975
  },
  {
    "text": "每个",
    "start": 98.0,
    "end": 98.25
  },
  {
    "text": "部分",
    "start": 98.263,
    "end": 98.575
  },
  {
    "text": "但",
    "start": 99.15,
    "end": 99.4
  },
  {
    "text": "如果",
    "start": 99.412,
    "end": 99.725
  },
  {
    "text": "通读",
    "start": 99.75,
    "end": 100.037
  },
  {
    "text": "全文",
    "start": 100.05,
    "end": 100.487
  },
  {
    "text": "您",
    "start": 100.588,
    "end": 100.738
  },
  {
    "text": "会",
    "start": 100.737,
    "end": 100.875
  },
  {
    "text": "理解",
    "start": 100.888,
    "end": 101.125
  },
  {
    "text": "得",
    "start": 101.125,
    "end": 101.237
  },
  {
    "text": "更",
    "start": 101.263,
    "end": 101.413
  },
  {
    "text": "透彻",
    "start": 101.412,
    "end": 101.812
  },
  {
    "text": "顺便",
    "start": 102.362,
    "end": 102.662
  },
  {
    "text": "一",
    "start": 102.675,
    "end": 102.812
  },
  {
    "text": "提",
    "start": 102.812,
    "end": 103.138
  },
  {
    "text": "民族",
    "start": 103.263,
    "end": 103.638
  },
  {
    "text": "国家",
    "start": 103.65,
    "end": 103.9
  },
  {
    "text": "的",
    "start": 103.9,
    "end": 104.025
  },
  {
    "text": "技术",
    "start": 104.05,
    "end": 104.312
  },
  {
    "text": "定义",
    "start": 104.325,
    "end": 104.75
  },
  {
    "text": "同样",
    "start": 104.85,
    "end": 105.2
  },
  {
    "text": "包含",
    "start": 105.213,
    "end": 105.588
  },
  {
    "text": "多",
    "start": 105.612,
    "end": 105.787
  },
  {
    "text": "重",
    "start": 105.787,
    "end": 105.925
  },
  {
    "text": "条款",
    "start": 105.938,
    "end": 106.425
  },
  {
    "text": "因为",
    "start": 106.625,
    "end": 107.013
  },
  {
    "text": "它",
    "start": 107.025,
    "end": 107.2
  },
  {
    "text": "需要",
    "start": 107.213,
    "end": 107.45
  },
  {
    "text": "排除",
    "start": 107.463,
    "end": 107.975
  },
  {
    "text": "我们",
    "start": 108.062,
    "end": 108.375
  },
  {
    "text": "通常",
    "start": 108.388,
    "end": 108.788
  },
  {
    "text": "不会",
    "start": 108.812,
    "end": 109.037
  },
  {
    "text": "考虑",
    "start": 109.05,
    "end": 109.362
  },
  {
    "text": "的",
    "start": 109.362,
    "end": 109.45
  },
  {
    "text": "事物",
    "start": 109.463,
    "end": 109.863
  },
  {
    "text": "比如",
    "start": 110.0,
    "end": 110.463
  },
  {
    "text": "无",
    "start": 110.487,
    "end": 110.75
  },
  {
    "text": "国家",
    "start": 110.763,
    "end": 111.075
  },
  {
    "text": "民族",
    "start": 111.088,
    "end": 111.575
  }
]