[
  {
    "text": "一",
    "start": 0.1,
    "end": 0.3
  },
  {
    "text": "图",
    "start": 0.3,
    "end": 0.463
  },
  {
    "text": "看",
    "start": 0.475,
    "end": 0.675
  },
  {
    "text": "懂",
    "start": 0.675,
    "end": 0.85
  },
  {
    "text": "网络",
    "start": 0.875,
    "end": 1.163
  },
  {
    "text": "国家",
    "start": 1.175,
    "end": 1.6
  },
  {
    "text": "一",
    "start": 2.175,
    "end": 2.35
  },
  {
    "text": "张",
    "start": 2.35,
    "end": 2.525
  },
  {
    "text": "图片",
    "start": 2.538,
    "end": 2.975
  },
  {
    "text": "有助于",
    "start": 3.05,
    "end": 3.587
  },
  {
    "text": "理解",
    "start": 3.6,
    "end": 4.0
  },
  {
    "text": "上面",
    "start": 4.575,
    "end": 4.9
  },
  {
    "text": "的",
    "start": 4.9,
    "end": 5.013
  },
  {
    "text": "仪表",
    "start": 5.025,
    "end": 5.338
  },
  {
    "text": "盘",
    "start": 5.338,
    "end": 5.625
  },
  {
    "text": "展示",
    "start": 5.725,
    "end": 6.037
  },
  {
    "text": "了",
    "start": 6.037,
    "end": 6.125
  },
  {
    "text": "一个",
    "start": 6.138,
    "end": 6.438
  },
  {
    "text": "拥有",
    "start": 6.513,
    "end": 6.85
  },
  {
    "text": "百万",
    "start": 6.875,
    "end": 7.213
  },
  {
    "text": "人口",
    "start": 7.225,
    "end": 7.562
  },
  {
    "text": "的",
    "start": 7.562,
    "end": 7.7
  },
  {
    "text": "网络",
    "start": 7.725,
    "end": 8.037
  },
  {
    "text": "国家",
    "start": 8.05,
    "end": 8.463
  },
  {
    "text": "在",
    "start": 8.55,
    "end": 8.812
  },
  {
    "text": "地图",
    "start": 8.825,
    "end": 9.175
  },
  {
    "text": "上",
    "start": 9.175,
    "end": 9.312
  },
  {
    "text": "的",
    "start": 9.312,
    "end": 9.375
  },
  {
    "text": "样子",
    "start": 9.387,
    "end": 9.712
  },
  {
    "text": "具体",
    "start": 10.287,
    "end": 10.588
  },
  {
    "text": "来说",
    "start": 10.6,
    "end": 11.012
  },
  {
    "text": "它",
    "start": 11.175,
    "end": 11.388
  },
  {
    "text": "描绘",
    "start": 11.4,
    "end": 11.713
  },
  {
    "text": "了",
    "start": 11.713,
    "end": 11.787
  },
  {
    "text": "一个",
    "start": 11.8,
    "end": 12.113
  },
  {
    "text": "拥有",
    "start": 12.188,
    "end": 12.525
  },
  {
    "text": "170万",
    "start": 12.55,
    "end": 13.288
  },
  {
    "text": "人口",
    "start": 13.287,
    "end": 13.725
  },
  {
    "text": "年收入",
    "start": 13.863,
    "end": 14.463
  },
  {
    "text": "超过",
    "start": 14.475,
    "end": 14.825
  },
  {
    "text": "1570亿",
    "start": 14.85,
    "end": 15.887
  },
  {
    "text": "美元",
    "start": 15.9,
    "end": 16.312
  },
  {
    "text": "足迹",
    "start": 16.525,
    "end": 16.862
  },
  {
    "text": "达",
    "start": 16.863,
    "end": 17.075
  },
  {
    "text": "1.36亿平方米",
    "start": 17.1,
    "end": 18.263
  },
  {
    "text": "的",
    "start": 18.262,
    "end": 18.412
  },
  {
    "text": "网络",
    "start": 18.438,
    "end": 18.738
  },
  {
    "text": "国家",
    "start": 18.75,
    "end": 19.163
  },
  {
    "text": "我们",
    "start": 19.738,
    "end": 20.05
  },
  {
    "text": "首先",
    "start": 20.062,
    "end": 20.35
  },
  {
    "text": "注意",
    "start": 20.363,
    "end": 20.588
  },
  {
    "text": "到",
    "start": 20.587,
    "end": 20.85
  },
  {
    "text": "网络",
    "start": 21.038,
    "end": 21.45
  },
  {
    "text": "国家",
    "start": 21.462,
    "end": 21.862
  },
  {
    "text": "不",
    "start": 21.887,
    "end": 22.012
  },
  {
    "text": "像",
    "start": 22.012,
    "end": 22.188
  },
  {
    "text": "民族",
    "start": 22.2,
    "end": 22.525
  },
  {
    "text": "国家",
    "start": 22.538,
    "end": 22.788
  },
  {
    "text": "那样",
    "start": 22.8,
    "end": 23.163
  },
  {
    "text": "在",
    "start": 23.262,
    "end": 23.5
  },
  {
    "text": "物理",
    "start": 23.512,
    "end": 23.787
  },
  {
    "text": "上",
    "start": 23.788,
    "end": 23.963
  },
  {
    "text": "集中",
    "start": 23.975,
    "end": 24.438
  },
  {
    "text": "也",
    "start": 24.6,
    "end": 24.825
  },
  {
    "text": "不",
    "start": 24.825,
    "end": 24.925
  },
  {
    "text": "像",
    "start": 24.925,
    "end": 25.1
  },
  {
    "text": "城邦",
    "start": 25.125,
    "end": 25.5
  },
  {
    "text": "那样",
    "start": 25.512,
    "end": 25.863
  },
  {
    "text": "规模",
    "start": 25.962,
    "end": 26.287
  },
  {
    "text": "有限",
    "start": 26.3,
    "end": 26.688
  },
  {
    "text": "它",
    "start": 27.25,
    "end": 27.45
  },
  {
    "text": "在",
    "start": 27.45,
    "end": 27.625
  },
  {
    "text": "地理",
    "start": 27.637,
    "end": 27.9
  },
  {
    "text": "上",
    "start": 27.9,
    "end": 28.112
  },
  {
    "text": "是",
    "start": 28.113,
    "end": 28.25
  },
  {
    "text": "分散",
    "start": 28.262,
    "end": 28.688
  },
  {
    "text": "的",
    "start": 28.688,
    "end": 28.837
  },
  {
    "text": "并",
    "start": 28.975,
    "end": 29.2
  },
  {
    "text": "通过",
    "start": 29.212,
    "end": 29.562
  },
  {
    "text": "互联网",
    "start": 29.587,
    "end": 29.975
  },
  {
    "text": "连接",
    "start": 29.988,
    "end": 30.438
  },
  {
    "text": "我们",
    "start": 31.012,
    "end": 31.238
  },
  {
    "text": "看到",
    "start": 31.25,
    "end": 31.55
  },
  {
    "text": "的",
    "start": 31.55,
    "end": 31.675
  },
  {
    "text": "第二点",
    "start": 31.7,
    "end": 32.112
  },
  {
    "text": "是",
    "start": 32.112,
    "end": 32.35
  },
  {
    "text": "你",
    "start": 32.612,
    "end": 32.787
  },
  {
    "text": "完全",
    "start": 32.8,
    "end": 33.162
  },
  {
    "text": "可以",
    "start": 33.175,
    "end": 33.362
  },
  {
    "text": "从",
    "start": 33.375,
    "end": 33.6
  },
  {
    "text": "自己",
    "start": 33.625,
    "end": 33.875
  },
  {
    "text": "的",
    "start": 33.875,
    "end": 33.987
  },
  {
    "text": "电脑",
    "start": 34.0,
    "end": 34.413
  },
  {
    "text": "开始",
    "start": 34.5,
    "end": 34.925
  },
  {
    "text": "建立",
    "start": 34.938,
    "end": 35.225
  },
  {
    "text": "这种",
    "start": 35.25,
    "end": 35.45
  },
  {
    "text": "国家",
    "start": 35.462,
    "end": 35.875
  },
  {
    "text": "换句话说",
    "start": 36.45,
    "end": 37.238
  },
  {
    "text": "正如",
    "start": 37.425,
    "end": 37.887
  },
  {
    "text": "Facebook",
    "start": 37.913,
    "end": 38.462
  },
  {
    "text": "是",
    "start": 38.55,
    "end": 38.737
  },
  {
    "text": "从",
    "start": 38.737,
    "end": 38.938
  },
  {
    "text": "一个",
    "start": 38.962,
    "end": 39.163
  },
  {
    "text": "人",
    "start": 39.163,
    "end": 39.312
  },
  {
    "text": "的",
    "start": 39.312,
    "end": 39.475
  },
  {
    "text": "笔记本电脑",
    "start": 39.487,
    "end": 40.225
  },
  {
    "text": "发展",
    "start": 40.25,
    "end": 40.525
  },
  {
    "text": "起来",
    "start": 40.538,
    "end": 40.788
  },
  {
    "text": "的",
    "start": 40.788,
    "end": 40.975
  },
  {
    "text": "一个",
    "start": 41.188,
    "end": 41.587
  },
  {
    "text": "拥有",
    "start": 41.6,
    "end": 41.95
  },
  {
    "text": "全球",
    "start": 41.975,
    "end": 42.325
  },
  {
    "text": "实体",
    "start": 42.337,
    "end": 42.675
  },
  {
    "text": "领土",
    "start": 42.688,
    "end": 42.987
  },
  {
    "text": "群岛",
    "start": 43.0,
    "end": 43.35
  },
  {
    "text": "的",
    "start": 43.35,
    "end": 43.513
  },
  {
    "text": "百万",
    "start": 43.538,
    "end": 43.875
  },
  {
    "text": "人口",
    "start": 43.875,
    "end": 44.188
  },
  {
    "text": "网络",
    "start": 44.212,
    "end": 44.462
  },
  {
    "text": "国家",
    "start": 44.475,
    "end": 44.888
  },
  {
    "text": "也",
    "start": 45.1,
    "end": 45.3
  },
  {
    "text": "可以",
    "start": 45.3,
    "end": 45.65
  },
  {
    "text": "从",
    "start": 45.737,
    "end": 46.025
  },
  {
    "text": "一个",
    "start": 46.025,
    "end": 46.275
  },
  {
    "text": "人",
    "start": 46.275,
    "end": 46.425
  },
  {
    "text": "的",
    "start": 46.425,
    "end": 46.6
  },
  {
    "text": "创业",
    "start": 46.625,
    "end": 46.962
  },
  {
    "text": "社会",
    "start": 46.975,
    "end": 47.25
  },
  {
    "text": "起步",
    "start": 47.263,
    "end": 47.638
  },
  {
    "text": "具体",
    "start": 48.2,
    "end": 48.525
  },
  {
    "text": "演示",
    "start": 48.538,
    "end": 48.975
  },
  {
    "text": "请",
    "start": 49.075,
    "end": 49.175
  },
  {
    "text": "看",
    "start": 49.175,
    "end": 49.387
  },
  {
    "text": "这个",
    "start": 49.4,
    "end": 49.612
  },
  {
    "text": "GIF",
    "start": 49.612,
    "end": 50.0
  },
  {
    "text": "我们",
    "start": 50.562,
    "end": 50.812
  },
  {
    "text": "看到",
    "start": 50.825,
    "end": 51.1
  },
  {
    "text": "的",
    "start": 51.1,
    "end": 51.2
  },
  {
    "text": "第三点",
    "start": 51.225,
    "end": 51.812
  },
  {
    "text": "是",
    "start": 51.913,
    "end": 52.075
  },
  {
    "text": "实时",
    "start": 52.087,
    "end": 52.4
  },
  {
    "text": "普查",
    "start": 52.413,
    "end": 52.837
  },
  {
    "text": "对",
    "start": 52.938,
    "end": 53.163
  },
  {
    "text": "网络",
    "start": 53.175,
    "end": 53.487
  },
  {
    "text": "国家",
    "start": 53.5,
    "end": 53.8
  },
  {
    "text": "的",
    "start": 53.8,
    "end": 53.962
  },
  {
    "text": "核心",
    "start": 53.987,
    "end": 54.487
  },
  {
    "text": "重要性",
    "start": 54.5,
    "end": 55.0
  },
  {
    "text": "所",
    "start": 55.575,
    "end": 55.812
  },
  {
    "text": "示仪",
    "start": 55.812,
    "end": 56.025
  },
  {
    "text": "表盘",
    "start": 56.038,
    "end": 56.513
  },
  {
    "text": "结合",
    "start": 56.612,
    "end": 56.95
  },
  {
    "text": "了",
    "start": 56.95,
    "end": 57.05
  },
  {
    "text": "货币",
    "start": 57.075,
    "end": 57.525
  },
  {
    "text": "公司",
    "start": 57.65,
    "end": 58.125
  },
  {
    "text": "和",
    "start": 58.15,
    "end": 58.337
  },
  {
    "text": "国家",
    "start": 58.35,
    "end": 58.638
  },
  {
    "text": "的",
    "start": 58.638,
    "end": 58.725
  },
  {
    "text": "概念",
    "start": 58.737,
    "end": 59.175
  },
  {
    "text": "以",
    "start": 59.35,
    "end": 59.575
  },
  {
    "text": "引导",
    "start": 59.587,
    "end": 59.975
  },
  {
    "text": "一个",
    "start": 59.987,
    "end": 60.175
  },
  {
    "text": "社会",
    "start": 60.188,
    "end": 60.612
  },
  {
    "text": "关注",
    "start": 60.7,
    "end": 61.062
  },
  {
    "text": "人口",
    "start": 61.075,
    "end": 61.538
  },
  {
    "text": "年收入",
    "start": 61.625,
    "end": 62.237
  },
  {
    "text": "和",
    "start": 62.312,
    "end": 62.475
  },
  {
    "text": "房地产",
    "start": 62.487,
    "end": 63.075
  },
  {
    "text": "足迹",
    "start": 63.087,
    "end": 63.413
  },
  {
    "text": "的",
    "start": 63.413,
    "end": 63.488
  },
  {
    "text": "增长",
    "start": 63.5,
    "end": 63.925
  },
  {
    "text": "持续",
    "start": 64.487,
    "end": 64.812
  },
  {
    "text": "增长",
    "start": 64.825,
    "end": 65.237
  },
  {
    "text": "是",
    "start": 65.338,
    "end": 65.413
  },
  {
    "text": "一",
    "start": 65.412,
    "end": 65.5
  },
  {
    "text": "场",
    "start": 65.5,
    "end": 65.725
  },
  {
    "text": "持续",
    "start": 65.75,
    "end": 66.162
  },
  {
    "text": "的",
    "start": 66.162,
    "end": 66.3
  },
  {
    "text": "公民投票",
    "start": 66.325,
    "end": 67.125
  },
  {
    "text": "是",
    "start": 67.375,
    "end": 67.662
  },
  {
    "text": "内部",
    "start": 67.675,
    "end": 68.0
  },
  {
    "text": "留存者",
    "start": 68.013,
    "end": 68.6
  },
  {
    "text": "和",
    "start": 68.7,
    "end": 68.975
  },
  {
    "text": "外部",
    "start": 68.987,
    "end": 69.35
  },
  {
    "text": "申请者",
    "start": 69.362,
    "end": 69.938
  },
  {
    "text": "投",
    "start": 69.938,
    "end": 70.125
  },
  {
    "text": "下",
    "start": 70.125,
    "end": 70.275
  },
  {
    "text": "的",
    "start": 70.275,
    "end": 70.45
  },
  {
    "text": "信任",
    "start": 70.475,
    "end": 70.825
  },
  {
    "text": "票",
    "start": 70.825,
    "end": 71.138
  },
  {
    "text": "粗略",
    "start": 71.7,
    "end": 72.013
  },
  {
    "text": "地",
    "start": 72.013,
    "end": 72.088
  },
  {
    "text": "说",
    "start": 72.088,
    "end": 72.375
  },
  {
    "text": "一个",
    "start": 72.55,
    "end": 72.912
  },
  {
    "text": "成功",
    "start": 72.938,
    "end": 73.275
  },
  {
    "text": "的",
    "start": 73.275,
    "end": 73.4
  },
  {
    "text": "网络",
    "start": 73.412,
    "end": 73.688
  },
  {
    "text": "国家",
    "start": 73.7,
    "end": 74.15
  },
  {
    "text": "会",
    "start": 74.237,
    "end": 74.487
  },
  {
    "text": "吸引",
    "start": 74.5,
    "end": 74.912
  },
  {
    "text": "志同道合",
    "start": 74.938,
    "end": 75.7
  },
  {
    "text": "的",
    "start": 75.7,
    "end": 75.8
  },
  {
    "text": "移民",
    "start": 75.812,
    "end": 76.312
  },
  {
    "text": "而",
    "start": 76.5,
    "end": 76.775
  },
  {
    "text": "一个",
    "start": 76.787,
    "end": 77.087
  },
  {
    "text": "不",
    "start": 77.112,
    "end": 77.237
  },
  {
    "text": "成功",
    "start": 77.237,
    "end": 77.562
  },
  {
    "text": "的",
    "start": 77.562,
    "end": 77.662
  },
  {
    "text": "网络",
    "start": 77.675,
    "end": 77.95
  },
  {
    "text": "国家",
    "start": 77.963,
    "end": 78.4
  },
  {
    "text": "则",
    "start": 78.5,
    "end": 78.713
  },
  {
    "text": "会",
    "start": 78.713,
    "end": 78.85
  },
  {
    "text": "失去",
    "start": 78.875,
    "end": 79.263
  },
  {
    "text": "他们",
    "start": 79.275,
    "end": 79.6
  },
  {
    "text": "这",
    "start": 80.175,
    "end": 80.412
  },
  {
    "text": "不",
    "start": 80.412,
    "end": 80.487
  },
  {
    "text": "意味着",
    "start": 80.5,
    "end": 80.938
  },
  {
    "text": "每个",
    "start": 81.037,
    "end": 81.387
  },
  {
    "text": "网络",
    "start": 81.4,
    "end": 81.663
  },
  {
    "text": "国家",
    "start": 81.675,
    "end": 82.1
  },
  {
    "text": "都",
    "start": 82.188,
    "end": 82.4
  },
  {
    "text": "必须",
    "start": 82.412,
    "end": 82.725
  },
  {
    "text": "无限",
    "start": 82.75,
    "end": 83.088
  },
  {
    "text": "增长",
    "start": 83.1,
    "end": 83.625
  },
  {
    "text": "也",
    "start": 83.912,
    "end": 84.112
  },
  {
    "text": "不",
    "start": 84.125,
    "end": 84.225
  },
  {
    "text": "意味着",
    "start": 84.225,
    "end": 84.625
  },
  {
    "text": "所有",
    "start": 84.725,
    "end": 85.137
  },
  {
    "text": "国家",
    "start": 85.15,
    "end": 85.538
  },
  {
    "text": "都",
    "start": 85.562,
    "end": 85.763
  },
  {
    "text": "必须",
    "start": 85.775,
    "end": 86.075
  },
  {
    "text": "接纳",
    "start": 86.088,
    "end": 86.375
  },
  {
    "text": "同",
    "start": 86.4,
    "end": 86.638
  },
  {
    "text": "一种",
    "start": 86.638,
    "end": 86.862
  },
  {
    "text": "人",
    "start": 86.862,
    "end": 87.138
  },
  {
    "text": "而是",
    "start": 87.35,
    "end": 87.65
  },
  {
    "text": "作为",
    "start": 87.662,
    "end": 87.887
  },
  {
    "text": "一个",
    "start": 87.9,
    "end": 88.188
  },
  {
    "text": "整体",
    "start": 88.213,
    "end": 88.588
  },
  {
    "text": "的",
    "start": 88.588,
    "end": 88.75
  },
  {
    "text": "网络",
    "start": 88.775,
    "end": 89.113
  },
  {
    "text": "国家",
    "start": 89.125,
    "end": 89.4
  },
  {
    "text": "社群",
    "start": 89.412,
    "end": 89.9
  },
  {
    "text": "致力于",
    "start": 90.025,
    "end": 90.575
  },
  {
    "text": "建设",
    "start": 90.588,
    "end": 91.013
  },
  {
    "text": "令人",
    "start": 91.037,
    "end": 91.312
  },
  {
    "text": "向往",
    "start": 91.325,
    "end": 91.725
  },
  {
    "text": "的",
    "start": 91.725,
    "end": 91.787
  },
  {
    "text": "社会",
    "start": 91.8,
    "end": 92.188
  },
  {
    "text": "吸引",
    "start": 92.362,
    "end": 92.75
  },
  {
    "text": "人们",
    "start": 92.763,
    "end": 92.975
  },
  {
    "text": "加入",
    "start": 92.987,
    "end": 93.425
  },
  {
    "text": "不同",
    "start": 94.0,
    "end": 94.3
  },
  {
    "text": "的",
    "start": 94.3,
    "end": 94.375
  },
  {
    "text": "国家",
    "start": 94.388,
    "end": 94.8
  },
  {
    "text": "将",
    "start": 94.9,
    "end": 95.075
  },
  {
    "text": "关注",
    "start": 95.088,
    "end": 95.463
  },
  {
    "text": "不同",
    "start": 95.487,
    "end": 95.775
  },
  {
    "text": "的",
    "start": 95.775,
    "end": 95.888
  },
  {
    "text": "衡量",
    "start": 95.912,
    "end": 96.225
  },
  {
    "text": "标准",
    "start": 96.237,
    "end": 96.662
  },
  {
    "text": "设想",
    "start": 96.95,
    "end": 97.362
  },
  {
    "text": "一个",
    "start": 97.375,
    "end": 97.675
  },
  {
    "text": "旨在",
    "start": 97.7,
    "end": 98.062
  },
  {
    "text": "提高",
    "start": 98.075,
    "end": 98.4
  },
  {
    "text": "其",
    "start": 98.425,
    "end": 98.625
  },
  {
    "text": "公民",
    "start": 98.638,
    "end": 99.0
  },
  {
    "text": "预期",
    "start": 99.013,
    "end": 99.375
  },
  {
    "text": "寿命",
    "start": 99.388,
    "end": 99.737
  },
  {
    "text": "的",
    "start": 99.737,
    "end": 99.862
  },
  {
    "text": "网络",
    "start": 99.888,
    "end": 100.163
  },
  {
    "text": "国家",
    "start": 100.175,
    "end": 100.6
  },
  {
    "text": "或者",
    "start": 100.9,
    "end": 101.225
  },
  {
    "text": "一个",
    "start": 101.237,
    "end": 101.487
  },
  {
    "text": "旨在",
    "start": 101.513,
    "end": 101.888
  },
  {
    "text": "可",
    "start": 101.912,
    "end": 102.1
  },
  {
    "text": "证明",
    "start": 102.112,
    "end": 102.45
  },
  {
    "text": "地",
    "start": 102.45,
    "end": 102.625
  },
  {
    "text": "提升",
    "start": 102.65,
    "end": 102.963
  },
  {
    "text": "收入",
    "start": 102.987,
    "end": 103.275
  },
  {
    "text": "分配",
    "start": 103.287,
    "end": 103.575
  },
  {
    "text": "水平",
    "start": 103.588,
    "end": 103.925
  },
  {
    "text": "的",
    "start": 103.925,
    "end": 104.075
  },
  {
    "text": "网络",
    "start": 104.1,
    "end": 104.45
  },
  {
    "text": "国家",
    "start": 104.463,
    "end": 104.85
  },
  {
    "text": "你",
    "start": 105.425,
    "end": 105.587
  },
  {
    "text": "衡量",
    "start": 105.6,
    "end": 105.95
  },
  {
    "text": "什么",
    "start": 105.963,
    "end": 106.263
  },
  {
    "text": "就",
    "start": 106.4,
    "end": 106.575
  },
  {
    "text": "会",
    "start": 106.575,
    "end": 106.725
  },
  {
    "text": "得到",
    "start": 106.737,
    "end": 107.062
  },
  {
    "text": "什么",
    "start": 107.075,
    "end": 107.4
  }
]