[
  {
    "text": "网络",
    "start": 0.1,
    "end": 0.475
  },
  {
    "text": "国家",
    "start": 0.487,
    "end": 0.863
  },
  {
    "text": "千",
    "start": 0.887,
    "end": 1.125
  },
  {
    "text": "字",
    "start": 1.125,
    "end": 1.262
  },
  {
    "text": "解读",
    "start": 1.275,
    "end": 1.787
  },
  {
    "text": "科技",
    "start": 2.362,
    "end": 2.75
  },
  {
    "text": "已",
    "start": 2.775,
    "end": 2.862
  },
  {
    "text": "使",
    "start": 2.862,
    "end": 2.95
  },
  {
    "text": "我们",
    "start": 2.962,
    "end": 3.3
  },
  {
    "text": "能够",
    "start": 3.388,
    "end": 3.713
  },
  {
    "text": "创办",
    "start": 3.725,
    "end": 4.1
  },
  {
    "text": "新",
    "start": 4.125,
    "end": 4.3
  },
  {
    "text": "公司",
    "start": 4.3,
    "end": 4.712
  },
  {
    "text": "新",
    "start": 4.862,
    "end": 5.15
  },
  {
    "text": "社区",
    "start": 5.15,
    "end": 5.638
  },
  {
    "text": "和",
    "start": 5.737,
    "end": 5.987
  },
  {
    "text": "新",
    "start": 6.0,
    "end": 6.263
  },
  {
    "text": "货币",
    "start": 6.263,
    "end": 6.65
  },
  {
    "text": "但是",
    "start": 7.2,
    "end": 7.638
  },
  {
    "text": "我们",
    "start": 7.787,
    "end": 8.037
  },
  {
    "text": "能否",
    "start": 8.05,
    "end": 8.388
  },
  {
    "text": "用",
    "start": 8.4,
    "end": 8.588
  },
  {
    "text": "它",
    "start": 8.588,
    "end": 8.85
  },
  {
    "text": "来",
    "start": 8.85,
    "end": 9.012
  },
  {
    "text": "创建",
    "start": 9.025,
    "end": 9.375
  },
  {
    "text": "新",
    "start": 9.4,
    "end": 9.6
  },
  {
    "text": "城市",
    "start": 9.6,
    "end": 10.025
  },
  {
    "text": "甚至",
    "start": 10.188,
    "end": 10.575
  },
  {
    "text": "新",
    "start": 10.6,
    "end": 10.862
  },
  {
    "text": "国家",
    "start": 10.863,
    "end": 11.188
  },
  {
    "text": "呢",
    "start": 11.188,
    "end": 11.363
  },
  {
    "text": "一个",
    "start": 11.912,
    "end": 12.262
  },
  {
    "text": "关键",
    "start": 12.287,
    "end": 12.612
  },
  {
    "text": "概念",
    "start": 12.625,
    "end": 12.95
  },
  {
    "text": "是",
    "start": 12.95,
    "end": 13.137
  },
  {
    "text": "云端",
    "start": 13.162,
    "end": 13.463
  },
  {
    "text": "先行",
    "start": 13.475,
    "end": 14.05
  },
  {
    "text": "实体殿",
    "start": 14.262,
    "end": 14.762
  },
  {
    "text": "后",
    "start": 14.762,
    "end": 15.025
  },
  {
    "text": "但",
    "start": 15.162,
    "end": 15.438
  },
  {
    "text": "并非",
    "start": 15.45,
    "end": 15.812
  },
  {
    "text": "永不",
    "start": 15.838,
    "end": 16.188
  },
  {
    "text": "实体化",
    "start": 16.2,
    "end": 16.812
  },
  {
    "text": "即",
    "start": 17.0,
    "end": 17.2
  },
  {
    "text": "从",
    "start": 17.2,
    "end": 17.363
  },
  {
    "text": "一个",
    "start": 17.375,
    "end": 17.663
  },
  {
    "text": "线上",
    "start": 17.688,
    "end": 18.038
  },
  {
    "text": "社区",
    "start": 18.05,
    "end": 18.387
  },
  {
    "text": "起步",
    "start": 18.4,
    "end": 18.812
  },
  {
    "text": "随后",
    "start": 19.012,
    "end": 19.462
  },
  {
    "text": "使",
    "start": 19.475,
    "end": 19.65
  },
  {
    "text": "其",
    "start": 19.65,
    "end": 19.837
  },
  {
    "text": "在",
    "start": 19.85,
    "end": 20.05
  },
  {
    "text": "物理",
    "start": 20.075,
    "end": 20.337
  },
  {
    "text": "世界",
    "start": 20.35,
    "end": 20.613
  },
  {
    "text": "中",
    "start": 20.613,
    "end": 20.762
  },
  {
    "text": "落地",
    "start": 20.775,
    "end": 21.212
  },
  {
    "text": "我们",
    "start": 21.775,
    "end": 22.037
  },
  {
    "text": "将",
    "start": 22.05,
    "end": 22.225
  },
  {
    "text": "通过",
    "start": 22.238,
    "end": 22.512
  },
  {
    "text": "七个",
    "start": 22.538,
    "end": 22.888
  },
  {
    "text": "步骤",
    "start": 22.9,
    "end": 23.275
  },
  {
    "text": "实现",
    "start": 23.363,
    "end": 23.838
  },
  {
    "text": "这",
    "start": 23.85,
    "end": 23.975
  },
  {
    "text": "一",
    "start": 23.975,
    "end": 24.075
  },
  {
    "text": "点",
    "start": 24.075,
    "end": 24.325
  },
  {
    "text": "建立",
    "start": 24.775,
    "end": 25.125
  },
  {
    "text": "一个",
    "start": 25.137,
    "end": 25.438
  },
  {
    "text": "创业",
    "start": 25.462,
    "end": 25.8
  },
  {
    "text": "社会",
    "start": 25.812,
    "end": 26.25
  },
  {
    "text": "这",
    "start": 26.812,
    "end": 27.038
  },
  {
    "text": "仅仅",
    "start": 27.05,
    "end": 27.425
  },
  {
    "text": "是",
    "start": 27.425,
    "end": 27.538
  },
  {
    "text": "一个",
    "start": 27.55,
    "end": 27.8
  },
  {
    "text": "线上",
    "start": 27.825,
    "end": 28.15
  },
  {
    "text": "社区",
    "start": 28.163,
    "end": 28.613
  },
  {
    "text": "但",
    "start": 28.762,
    "end": 29.012
  },
  {
    "text": "怀揣",
    "start": 29.025,
    "end": 29.387
  },
  {
    "text": "着",
    "start": 29.387,
    "end": 29.587
  },
  {
    "text": "更",
    "start": 29.613,
    "end": 29.85
  },
  {
    "text": "远大",
    "start": 29.85,
    "end": 30.263
  },
  {
    "text": "的",
    "start": 30.262,
    "end": 30.337
  },
  {
    "text": "抱负",
    "start": 30.35,
    "end": 30.738
  },
  {
    "text": "任何",
    "start": 31.3,
    "end": 31.625
  },
  {
    "text": "人",
    "start": 31.625,
    "end": 31.837
  },
  {
    "text": "都",
    "start": 31.863,
    "end": 32.013
  },
  {
    "text": "可以",
    "start": 32.013,
    "end": 32.175
  },
  {
    "text": "创建",
    "start": 32.188,
    "end": 32.612
  },
  {
    "text": "就",
    "start": 32.788,
    "end": 32.962
  },
  {
    "text": "像",
    "start": 32.962,
    "end": 33.137
  },
  {
    "text": "任何",
    "start": 33.163,
    "end": 33.438
  },
  {
    "text": "人",
    "start": 33.438,
    "end": 33.663
  },
  {
    "text": "都",
    "start": 33.688,
    "end": 33.875
  },
  {
    "text": "可以",
    "start": 33.888,
    "end": 34.088
  },
  {
    "text": "创立",
    "start": 34.112,
    "end": 34.35
  },
  {
    "text": "公司",
    "start": 34.362,
    "end": 34.737
  },
  {
    "text": "或",
    "start": 34.825,
    "end": 35.025
  },
  {
    "text": "发行",
    "start": 35.038,
    "end": 35.438
  },
  {
    "text": "加密",
    "start": 35.462,
    "end": 35.837
  },
  {
    "text": "货币",
    "start": 35.85,
    "end": 36.15
  },
  {
    "text": "一样",
    "start": 36.163,
    "end": 36.475
  },
  {
    "text": "创始人",
    "start": 37.05,
    "end": 37.525
  },
  {
    "text": "的",
    "start": 37.525,
    "end": 37.587
  },
  {
    "text": "合法性",
    "start": 37.6,
    "end": 38.212
  },
  {
    "text": "则",
    "start": 38.3,
    "end": 38.438
  },
  {
    "text": "来自于",
    "start": 38.45,
    "end": 38.875
  },
  {
    "text": "人们",
    "start": 38.875,
    "end": 39.163
  },
  {
    "text": "是否",
    "start": 39.263,
    "end": 39.65
  },
  {
    "text": "选择",
    "start": 39.663,
    "end": 40.15
  },
  {
    "text": "追随",
    "start": 40.175,
    "end": 40.625
  },
  {
    "text": "他们",
    "start": 40.638,
    "end": 40.95
  },
  {
    "text": "将",
    "start": 41.525,
    "end": 41.788
  },
  {
    "text": "其",
    "start": 41.788,
    "end": 41.95
  },
  {
    "text": "组织",
    "start": 41.962,
    "end": 42.237
  },
  {
    "text": "成",
    "start": 42.237,
    "end": 42.45
  },
  {
    "text": "一个",
    "start": 42.462,
    "end": 42.825
  },
  {
    "text": "能够",
    "start": 42.913,
    "end": 43.15
  },
  {
    "text": "采取",
    "start": 43.163,
    "end": 43.587
  },
  {
    "text": "集体",
    "start": 43.612,
    "end": 43.987
  },
  {
    "text": "行动",
    "start": 44.0,
    "end": 44.325
  },
  {
    "text": "的",
    "start": 44.325,
    "end": 44.4
  },
  {
    "text": "团体",
    "start": 44.413,
    "end": 44.85
  },
  {
    "text": "鉴于",
    "start": 45.425,
    "end": 45.75
  },
  {
    "text": "一个",
    "start": 45.763,
    "end": 46.038
  },
  {
    "text": "足够",
    "start": 46.062,
    "end": 46.413
  },
  {
    "text": "专注",
    "start": 46.425,
    "end": 46.762
  },
  {
    "text": "的",
    "start": 46.763,
    "end": 46.888
  },
  {
    "text": "线上",
    "start": 46.913,
    "end": 47.212
  },
  {
    "text": "社区",
    "start": 47.225,
    "end": 47.675
  },
  {
    "text": "下一步",
    "start": 47.85,
    "end": 48.413
  },
  {
    "text": "是",
    "start": 48.438,
    "end": 48.562
  },
  {
    "text": "将",
    "start": 48.575,
    "end": 48.763
  },
  {
    "text": "其",
    "start": 48.763,
    "end": 48.95
  },
  {
    "text": "组织",
    "start": 48.962,
    "end": 49.25
  },
  {
    "text": "成",
    "start": 49.25,
    "end": 49.487
  },
  {
    "text": "一个",
    "start": 49.5,
    "end": 49.775
  },
  {
    "text": "网络",
    "start": 49.8,
    "end": 50.137
  },
  {
    "text": "工会",
    "start": 50.15,
    "end": 50.587
  },
  {
    "text": "与",
    "start": 51.15,
    "end": 51.362
  },
  {
    "text": "社交",
    "start": 51.375,
    "end": 51.675
  },
  {
    "text": "网络",
    "start": 51.688,
    "end": 51.925
  },
  {
    "text": "不同",
    "start": 51.938,
    "end": 52.362
  },
  {
    "text": "网络",
    "start": 52.6,
    "end": 52.925
  },
  {
    "text": "工会",
    "start": 52.938,
    "end": 53.325
  },
  {
    "text": "具有",
    "start": 53.35,
    "end": 53.575
  },
  {
    "text": "一个",
    "start": 53.587,
    "end": 53.788
  },
  {
    "text": "目的",
    "start": 53.8,
    "end": 54.175
  },
  {
    "text": "协调",
    "start": 54.25,
    "end": 54.663
  },
  {
    "text": "其",
    "start": 54.675,
    "end": 54.812
  },
  {
    "text": "成员",
    "start": 54.825,
    "end": 55.275
  },
  {
    "text": "以",
    "start": 55.413,
    "end": 55.587
  },
  {
    "text": "实现",
    "start": 55.6,
    "end": 55.95
  },
  {
    "text": "互惠互利",
    "start": 55.975,
    "end": 56.75
  },
  {
    "text": "而且",
    "start": 57.312,
    "end": 57.788
  },
  {
    "text": "与",
    "start": 57.938,
    "end": 58.125
  },
  {
    "text": "传统",
    "start": 58.138,
    "end": 58.45
  },
  {
    "text": "工会",
    "start": 58.462,
    "end": 58.8
  },
  {
    "text": "不同",
    "start": 58.825,
    "end": 59.05
  },
  {
    "text": "的",
    "start": 59.05,
    "end": 59.137
  },
  {
    "text": "是",
    "start": 59.138,
    "end": 59.363
  },
  {
    "text": "网络",
    "start": 59.65,
    "end": 60.0
  },
  {
    "text": "工会",
    "start": 60.013,
    "end": 60.438
  },
  {
    "text": "并非",
    "start": 60.462,
    "end": 60.8
  },
  {
    "text": "仅",
    "start": 60.812,
    "end": 60.95
  },
  {
    "text": "为",
    "start": 60.95,
    "end": 61.113
  },
  {
    "text": "反对",
    "start": 61.138,
    "end": 61.562
  },
  {
    "text": "特定",
    "start": 61.587,
    "end": 61.875
  },
  {
    "text": "公司",
    "start": 61.888,
    "end": 62.188
  },
  {
    "text": "而",
    "start": 62.212,
    "end": 62.337
  },
  {
    "text": "设立",
    "start": 62.35,
    "end": 62.788
  },
  {
    "text": "因此",
    "start": 63.038,
    "end": 63.513
  },
  {
    "text": "能够",
    "start": 63.612,
    "end": 63.912
  },
  {
    "text": "采取",
    "start": 63.925,
    "end": 64.325
  },
  {
    "text": "多种",
    "start": 64.35,
    "end": 64.712
  },
  {
    "text": "不同",
    "start": 64.725,
    "end": 65.075
  },
  {
    "text": "的",
    "start": 65.075,
    "end": 65.25
  },
  {
    "text": "集体",
    "start": 65.275,
    "end": 65.6
  },
  {
    "text": "行动",
    "start": 65.612,
    "end": 66.037
  },
  {
    "text": "工会化",
    "start": 66.6,
    "end": 67.212
  },
  {
    "text": "是",
    "start": 67.237,
    "end": 67.388
  },
  {
    "text": "关键",
    "start": 67.4,
    "end": 67.725
  },
  {
    "text": "一",
    "start": 67.737,
    "end": 67.837
  },
  {
    "text": "步",
    "start": 67.838,
    "end": 68.088
  },
  {
    "text": "因为",
    "start": 68.325,
    "end": 68.688
  },
  {
    "text": "它",
    "start": 68.7,
    "end": 68.838
  },
  {
    "text": "将",
    "start": 68.838,
    "end": 69.0
  },
  {
    "text": "原本",
    "start": 69.013,
    "end": 69.362
  },
  {
    "text": "缺乏",
    "start": 69.388,
    "end": 69.737
  },
  {
    "text": "效力",
    "start": 69.75,
    "end": 70.088
  },
  {
    "text": "的",
    "start": 70.088,
    "end": 70.2
  },
  {
    "text": "线上",
    "start": 70.225,
    "end": 70.525
  },
  {
    "text": "社区",
    "start": 70.537,
    "end": 70.987
  },
  {
    "text": "转变",
    "start": 71.1,
    "end": 71.475
  },
  {
    "text": "为",
    "start": 71.475,
    "end": 71.6
  },
  {
    "text": "一群",
    "start": 71.612,
    "end": 71.962
  },
  {
    "text": "为",
    "start": 71.987,
    "end": 72.2
  },
  {
    "text": "共同",
    "start": 72.213,
    "end": 72.613
  },
  {
    "text": "事业",
    "start": 72.625,
    "end": 72.963
  },
  {
    "text": "而",
    "start": 73.062,
    "end": 73.362
  },
  {
    "text": "共同努力",
    "start": 73.375,
    "end": 74.1
  },
  {
    "text": "的",
    "start": 74.1,
    "end": 74.2
  },
  {
    "text": "人",
    "start": 74.2,
    "end": 74.438
  },
  {
    "text": "在",
    "start": 75.0,
    "end": 75.287
  },
  {
    "text": "实体",
    "start": 75.312,
    "end": 75.625
  },
  {
    "text": "世界",
    "start": 75.638,
    "end": 75.888
  },
  {
    "text": "中",
    "start": 75.888,
    "end": 76.125
  },
  {
    "text": "建立",
    "start": 76.213,
    "end": 76.575
  },
  {
    "text": "线下",
    "start": 76.6,
    "end": 77.0
  },
  {
    "text": "信任",
    "start": 77.013,
    "end": 77.425
  },
  {
    "text": "并",
    "start": 77.525,
    "end": 77.75
  },
  {
    "text": "在",
    "start": 77.75,
    "end": 77.912
  },
  {
    "text": "线上",
    "start": 77.925,
    "end": 78.425
  },
  {
    "text": "建立",
    "start": 78.438,
    "end": 78.787
  },
  {
    "text": "加密",
    "start": 78.812,
    "end": 79.188
  },
  {
    "text": "经济",
    "start": 79.2,
    "end": 79.562
  },
  {
    "text": "开始",
    "start": 80.125,
    "end": 80.412
  },
  {
    "text": "在",
    "start": 80.412,
    "end": 80.612
  },
  {
    "text": "物理",
    "start": 80.638,
    "end": 80.9
  },
  {
    "text": "世界",
    "start": 80.912,
    "end": 81.188
  },
  {
    "text": "中",
    "start": 81.188,
    "end": 81.438
  },
  {
    "text": "举办",
    "start": 81.525,
    "end": 81.888
  },
  {
    "text": "规模",
    "start": 81.9,
    "end": 82.263
  },
  {
    "text": "和",
    "start": 82.287,
    "end": 82.412
  },
  {
    "text": "持续",
    "start": 82.425,
    "end": 82.712
  },
  {
    "text": "时间",
    "start": 82.725,
    "end": 83.087
  },
  {
    "text": "不断",
    "start": 83.112,
    "end": 83.45
  },
  {
    "text": "增加",
    "start": 83.463,
    "end": 83.788
  },
  {
    "text": "的",
    "start": 83.787,
    "end": 83.9
  },
  {
    "text": "线下",
    "start": 83.925,
    "end": 84.287
  },
  {
    "text": "聚会",
    "start": 84.3,
    "end": 84.712
  },
  {
    "text": "同时",
    "start": 84.963,
    "end": 85.45
  },
  {
    "text": "利用",
    "start": 85.463,
    "end": 85.738
  },
  {
    "text": "加密",
    "start": 85.763,
    "end": 86.138
  },
  {
    "text": "货币",
    "start": 86.15,
    "end": 86.55
  },
  {
    "text": "构建",
    "start": 86.625,
    "end": 87.05
  },
  {
    "text": "内部",
    "start": 87.075,
    "end": 87.438
  },
  {
    "text": "经济",
    "start": 87.45,
    "end": 87.838
  },
  {
    "text": "众筹",
    "start": 88.4,
    "end": 88.875
  },
  {
    "text": "实体",
    "start": 88.9,
    "end": 89.275
  },
  {
    "text": "节点",
    "start": 89.287,
    "end": 89.688
  },
  {
    "text": "一旦",
    "start": 90.263,
    "end": 90.625
  },
  {
    "text": "建立",
    "start": 90.638,
    "end": 90.925
  },
  {
    "text": "了",
    "start": 90.925,
    "end": 91.075
  },
  {
    "text": "足够",
    "start": 91.1,
    "end": 91.425
  },
  {
    "text": "的",
    "start": 91.425,
    "end": 91.5
  },
  {
    "text": "信任",
    "start": 91.513,
    "end": 91.95
  },
  {
    "text": "并",
    "start": 92.05,
    "end": 92.275
  },
  {
    "text": "积累",
    "start": 92.287,
    "end": 92.562
  },
  {
    "text": "了",
    "start": 92.562,
    "end": 92.65
  },
  {
    "text": "资金",
    "start": 92.662,
    "end": 93.087
  },
  {
    "text": "就",
    "start": 93.263,
    "end": 93.475
  },
  {
    "text": "可以",
    "start": 93.475,
    "end": 93.625
  },
  {
    "text": "开始",
    "start": 93.638,
    "end": 94.025
  },
  {
    "text": "众筹",
    "start": 94.05,
    "end": 94.438
  },
  {
    "text": "公寓",
    "start": 94.45,
    "end": 94.838
  },
  {
    "text": "房屋",
    "start": 94.963,
    "end": 95.438
  },
  {
    "text": "乃至",
    "start": 95.537,
    "end": 95.862
  },
  {
    "text": "城镇",
    "start": 95.875,
    "end": 96.325
  },
  {
    "text": "将",
    "start": 96.625,
    "end": 96.912
  },
  {
    "text": "数字",
    "start": 96.925,
    "end": 97.3
  },
  {
    "text": "公民",
    "start": 97.312,
    "end": 97.75
  },
  {
    "text": "带",
    "start": 97.838,
    "end": 98.025
  },
  {
    "text": "入",
    "start": 98.025,
    "end": 98.15
  },
  {
    "text": "现实",
    "start": 98.175,
    "end": 98.587
  },
  {
    "text": "世界",
    "start": 98.6,
    "end": 98.875
  },
  {
    "text": "的",
    "start": 98.875,
    "end": 99.037
  },
  {
    "text": "集体",
    "start": 99.062,
    "end": 99.438
  },
  {
    "text": "生活",
    "start": 99.45,
    "end": 99.75
  },
  {
    "text": "社区",
    "start": 99.763,
    "end": 100.2
  },
  {
    "text": "通过",
    "start": 100.775,
    "end": 101.163
  },
  {
    "text": "数字",
    "start": 101.188,
    "end": 101.525
  },
  {
    "text": "技术",
    "start": 101.537,
    "end": 101.938
  },
  {
    "text": "连接",
    "start": 102.025,
    "end": 102.5
  },
  {
    "text": "物理",
    "start": 102.525,
    "end": 102.775
  },
  {
    "text": "社区",
    "start": 102.787,
    "end": 103.25
  },
  {
    "text": "将",
    "start": 103.825,
    "end": 104.05
  },
  {
    "text": "这些",
    "start": 104.062,
    "end": 104.35
  },
  {
    "text": "物理",
    "start": 104.375,
    "end": 104.612
  },
  {
    "text": "节点",
    "start": 104.625,
    "end": 105.088
  },
  {
    "text": "连接",
    "start": 105.175,
    "end": 105.537
  },
  {
    "text": "成",
    "start": 105.537,
    "end": 105.775
  },
  {
    "text": "一个",
    "start": 105.787,
    "end": 106.05
  },
  {
    "text": "网络",
    "start": 106.075,
    "end": 106.35
  },
  {
    "text": "群岛",
    "start": 106.362,
    "end": 106.875
  },
  {
    "text": "这",
    "start": 107.15,
    "end": 107.35
  },
  {
    "text": "是",
    "start": 107.35,
    "end": 107.45
  },
  {
    "text": "一",
    "start": 107.463,
    "end": 107.588
  },
  {
    "text": "组",
    "start": 107.588,
    "end": 107.863
  },
  {
    "text": "分布",
    "start": 107.888,
    "end": 108.163
  },
  {
    "text": "在",
    "start": 108.162,
    "end": 108.375
  },
  {
    "text": "全球",
    "start": 108.4,
    "end": 108.812
  },
  {
    "text": "各地",
    "start": 108.825,
    "end": 109.225
  },
  {
    "text": "通过",
    "start": 109.362,
    "end": 109.763
  },
  {
    "text": "数字",
    "start": 109.787,
    "end": 110.15
  },
  {
    "text": "技术",
    "start": 110.162,
    "end": 110.55
  },
  {
    "text": "连接",
    "start": 110.65,
    "end": 111.138
  },
  {
    "text": "的",
    "start": 111.138,
    "end": 111.288
  },
  {
    "text": "物理",
    "start": 111.312,
    "end": 111.6
  },
  {
    "text": "区域",
    "start": 111.612,
    "end": 111.975
  },
  {
    "text": "网络",
    "start": 112.537,
    "end": 112.938
  },
  {
    "text": "群岛",
    "start": 112.95,
    "end": 113.263
  },
  {
    "text": "的",
    "start": 113.263,
    "end": 113.338
  },
  {
    "text": "节点",
    "start": 113.35,
    "end": 113.812
  },
  {
    "text": "涵盖",
    "start": 113.912,
    "end": 114.287
  },
  {
    "text": "从",
    "start": 114.3,
    "end": 114.525
  },
  {
    "text": "单人",
    "start": 114.55,
    "end": 114.85
  },
  {
    "text": "公寓",
    "start": 114.862,
    "end": 115.25
  },
  {
    "text": "到",
    "start": 115.338,
    "end": 115.575
  },
  {
    "text": "任意",
    "start": 115.575,
    "end": 115.862
  },
  {
    "text": "规模",
    "start": 115.875,
    "end": 116.2
  },
  {
    "text": "的",
    "start": 116.2,
    "end": 116.338
  },
  {
    "text": "实体",
    "start": 116.362,
    "end": 116.775
  },
  {
    "text": "社区",
    "start": 116.787,
    "end": 117.188
  },
  {
    "text": "通过",
    "start": 117.763,
    "end": 118.125
  },
  {
    "text": "持有",
    "start": 118.138,
    "end": 118.45
  },
  {
    "text": "web",
    "start": 118.475,
    "end": 118.737
  },
  {
    "text": "3",
    "start": 118.737,
    "end": 118.962
  },
  {
    "text": "加密",
    "start": 118.975,
    "end": 119.262
  },
  {
    "text": "护照",
    "start": 119.275,
    "end": 119.725
  },
  {
    "text": "即可",
    "start": 119.825,
    "end": 120.175
  },
  {
    "text": "获得",
    "start": 120.188,
    "end": 120.5
  },
  {
    "text": "实体",
    "start": 120.525,
    "end": 120.888
  },
  {
    "text": "访问",
    "start": 120.9,
    "end": 121.175
  },
  {
    "text": "权限",
    "start": 121.188,
    "end": 121.638
  },
  {
    "text": "而",
    "start": 121.9,
    "end": 122.188
  },
  {
    "text": "混合",
    "start": 122.2,
    "end": 122.55
  },
  {
    "text": "现实",
    "start": 122.562,
    "end": 123.05
  },
  {
    "text": "则",
    "start": 123.138,
    "end": 123.312
  },
  {
    "text": "用于",
    "start": 123.325,
    "end": 123.638
  },
  {
    "text": "无缝连接",
    "start": 123.662,
    "end": 124.35
  },
  {
    "text": "线",
    "start": 124.35,
    "end": 124.6
  },
  {
    "text": "上",
    "start": 124.6,
    "end": 124.85
  },
  {
    "text": "和",
    "start": 124.875,
    "end": 125.075
  },
  {
    "text": "线下",
    "start": 125.088,
    "end": 125.425
  },
  {
    "text": "世界",
    "start": 125.438,
    "end": 125.8
  },
  {
    "text": "进行链",
    "start": 126.375,
    "end": 126.875
  },
  {
    "text": "上",
    "start": 126.875,
    "end": 127.1
  },
  {
    "text": "人口普查",
    "start": 127.112,
    "end": 128.0
  },
  {
    "text": "随着",
    "start": 128.575,
    "end": 128.962
  },
  {
    "text": "社会",
    "start": 128.988,
    "end": 129.288
  },
  {
    "text": "规模",
    "start": 129.287,
    "end": 129.575
  },
  {
    "text": "的",
    "start": 129.575,
    "end": 129.662
  },
  {
    "text": "扩大",
    "start": 129.675,
    "end": 130.088
  },
  {
    "text": "进行",
    "start": 130.25,
    "end": 130.6
  },
  {
    "text": "一次",
    "start": 130.613,
    "end": 130.988
  },
  {
    "text": "可",
    "start": 131.012,
    "end": 131.237
  },
  {
    "text": "密码",
    "start": 131.238,
    "end": 131.575
  },
  {
    "text": "学审计",
    "start": 131.588,
    "end": 132.025
  },
  {
    "text": "的",
    "start": 132.025,
    "end": 132.125
  },
  {
    "text": "普查",
    "start": 132.137,
    "end": 132.662
  },
  {
    "text": "以",
    "start": 132.812,
    "end": 132.988
  },
  {
    "text": "展示",
    "start": 133.0,
    "end": 133.275
  },
  {
    "text": "其",
    "start": 133.287,
    "end": 133.55
  },
  {
    "text": "不断",
    "start": 133.575,
    "end": 133.912
  },
  {
    "text": "增长",
    "start": 133.925,
    "end": 134.275
  },
  {
    "text": "的",
    "start": 134.275,
    "end": 134.338
  },
  {
    "text": "人口",
    "start": 134.35,
    "end": 134.812
  },
  {
    "text": "收入",
    "start": 134.9,
    "end": 135.438
  },
  {
    "text": "和",
    "start": 135.512,
    "end": 135.712
  },
  {
    "text": "房地产",
    "start": 135.725,
    "end": 136.325
  },
  {
    "text": "足迹",
    "start": 136.338,
    "end": 136.738
  },
  {
    "text": "这",
    "start": 137.312,
    "end": 137.488
  },
  {
    "text": "就",
    "start": 137.488,
    "end": 137.6
  },
  {
    "text": "是",
    "start": 137.6,
    "end": 137.688
  },
  {
    "text": "一个",
    "start": 137.7,
    "end": 137.975
  },
  {
    "text": "创业",
    "start": 138.0,
    "end": 138.312
  },
  {
    "text": "社会",
    "start": 138.325,
    "end": 138.75
  },
  {
    "text": "如何",
    "start": 138.85,
    "end": 139.25
  },
  {
    "text": "在",
    "start": 139.262,
    "end": 139.45
  },
  {
    "text": "面对",
    "start": 139.45,
    "end": 139.737
  },
  {
    "text": "怀疑",
    "start": 139.75,
    "end": 140.088
  },
  {
    "text": "时",
    "start": 140.088,
    "end": 140.363
  },
  {
    "text": "证明",
    "start": 140.463,
    "end": 140.825
  },
  {
    "text": "其",
    "start": 140.838,
    "end": 141.062
  },
  {
    "text": "发展",
    "start": 141.088,
    "end": 141.475
  },
  {
    "text": "势头",
    "start": 141.488,
    "end": 141.825
  },
  {
    "text": "的",
    "start": 141.825,
    "end": 141.887
  },
  {
    "text": "方式",
    "start": 141.9,
    "end": 142.263
  },
  {
    "text": "获得",
    "start": 142.838,
    "end": 143.287
  },
  {
    "text": "外交",
    "start": 143.312,
    "end": 143.637
  },
  {
    "text": "承认",
    "start": 143.65,
    "end": 144.037
  },
  {
    "text": "一个",
    "start": 144.613,
    "end": 144.888
  },
  {
    "text": "具有",
    "start": 144.9,
    "end": 145.213
  },
  {
    "text": "足够",
    "start": 145.238,
    "end": 145.6
  },
  {
    "text": "规模",
    "start": 145.613,
    "end": 145.9
  },
  {
    "text": "的",
    "start": 145.9,
    "end": 146.037
  },
  {
    "text": "创业",
    "start": 146.062,
    "end": 146.325
  },
  {
    "text": "社会",
    "start": 146.338,
    "end": 146.725
  },
  {
    "text": "最终",
    "start": 146.825,
    "end": 147.188
  },
  {
    "text": "应该",
    "start": 147.2,
    "end": 147.438
  },
  {
    "text": "能够",
    "start": 147.45,
    "end": 147.837
  },
  {
    "text": "与",
    "start": 147.938,
    "end": 148.137
  },
  {
    "text": "至少",
    "start": 148.15,
    "end": 148.475
  },
  {
    "text": "一个",
    "start": 148.488,
    "end": 148.75
  },
  {
    "text": "现有",
    "start": 148.775,
    "end": 149.062
  },
  {
    "text": "政府",
    "start": 149.075,
    "end": 149.387
  },
  {
    "text": "谈判",
    "start": 149.4,
    "end": 149.825
  },
  {
    "text": "以",
    "start": 149.938,
    "end": 150.15
  },
  {
    "text": "获得",
    "start": 150.162,
    "end": 150.487
  },
  {
    "text": "外交",
    "start": 150.512,
    "end": 150.775
  },
  {
    "text": "承认",
    "start": 150.787,
    "end": 151.213
  },
  {
    "text": "并",
    "start": 151.537,
    "end": 151.838
  },
  {
    "text": "在",
    "start": 151.85,
    "end": 152.025
  },
  {
    "text": "此",
    "start": 152.025,
    "end": 152.162
  },
  {
    "text": "基础",
    "start": 152.175,
    "end": 152.45
  },
  {
    "text": "上",
    "start": 152.45,
    "end": 152.675
  },
  {
    "text": "逐渐",
    "start": 152.787,
    "end": 153.25
  },
  {
    "text": "增强",
    "start": 153.262,
    "end": 153.637
  },
  {
    "text": "主权",
    "start": 153.65,
    "end": 154.138
  },
  {
    "text": "慢慢",
    "start": 154.287,
    "end": 154.65
  },
  {
    "text": "成为",
    "start": 154.662,
    "end": 154.925
  },
  {
    "text": "一个",
    "start": 154.938,
    "end": 155.2
  },
  {
    "text": "真正",
    "start": 155.225,
    "end": 155.637
  },
  {
    "text": "的",
    "start": 155.637,
    "end": 155.812
  },
  {
    "text": "网络",
    "start": 155.838,
    "end": 156.188
  },
  {
    "text": "国家",
    "start": 156.2,
    "end": 156.612
  },
  {
    "text": "核心",
    "start": 157.188,
    "end": 157.588
  },
  {
    "text": "理念",
    "start": 157.6,
    "end": 157.987
  },
  {
    "text": "是",
    "start": 158.088,
    "end": 158.275
  },
  {
    "text": "实现",
    "start": 158.287,
    "end": 158.65
  },
  {
    "text": "从",
    "start": 158.675,
    "end": 158.913
  },
  {
    "text": "云端",
    "start": 158.925,
    "end": 159.288
  },
  {
    "text": "到",
    "start": 159.287,
    "end": 159.475
  },
  {
    "text": "陆地",
    "start": 159.488,
    "end": 159.8
  },
  {
    "text": "的",
    "start": 159.8,
    "end": 159.913
  },
  {
    "text": "人口",
    "start": 159.938,
    "end": 160.238
  },
  {
    "text": "导入",
    "start": 160.25,
    "end": 160.662
  },
  {
    "text": "并",
    "start": 160.787,
    "end": 161.137
  },
  {
    "text": "遍及",
    "start": 161.162,
    "end": 161.537
  },
  {
    "text": "全球",
    "start": 161.55,
    "end": 161.988
  },
  {
    "text": "与",
    "start": 162.562,
    "end": 162.775
  },
  {
    "text": "意识形态",
    "start": 162.787,
    "end": 163.387
  },
  {
    "text": "不",
    "start": 163.412,
    "end": 163.512
  },
  {
    "text": "一致",
    "start": 163.512,
    "end": 163.875
  },
  {
    "text": "且",
    "start": 163.975,
    "end": 164.262
  },
  {
    "text": "地理",
    "start": 164.275,
    "end": 164.588
  },
  {
    "text": "上",
    "start": 164.588,
    "end": 164.85
  },
  {
    "text": "集中",
    "start": 164.875,
    "end": 165.15
  },
  {
    "text": "的",
    "start": 165.15,
    "end": 165.263
  },
  {
    "text": "传统",
    "start": 165.287,
    "end": 165.6
  },
  {
    "text": "国家",
    "start": 165.613,
    "end": 166.05
  },
  {
    "text": "将",
    "start": 166.15,
    "end": 166.425
  },
  {
    "text": "数百万",
    "start": 166.438,
    "end": 166.925
  },
  {
    "text": "争议",
    "start": 166.938,
    "end": 167.2
  },
  {
    "text": "者",
    "start": 167.2,
    "end": 167.45
  },
  {
    "text": "聚集",
    "start": 167.475,
    "end": 167.812
  },
  {
    "text": "一",
    "start": 167.825,
    "end": 167.95
  },
  {
    "text": "处",
    "start": 167.95,
    "end": 168.188
  },
  {
    "text": "不同",
    "start": 168.275,
    "end": 168.787
  },
  {
    "text": "网络",
    "start": 169.1,
    "end": 169.525
  },
  {
    "text": "国家",
    "start": 169.537,
    "end": 169.875
  },
  {
    "text": "在",
    "start": 169.9,
    "end": 170.062
  },
  {
    "text": "意识形态",
    "start": 170.075,
    "end": 170.712
  },
  {
    "text": "上",
    "start": 170.713,
    "end": 170.925
  },
  {
    "text": "保持",
    "start": 170.95,
    "end": 171.275
  },
  {
    "text": "一致",
    "start": 171.287,
    "end": 171.688
  },
  {
    "text": "但",
    "start": 171.938,
    "end": 172.162
  },
  {
    "text": "在",
    "start": 172.162,
    "end": 172.312
  },
  {
    "text": "地理",
    "start": 172.325,
    "end": 172.625
  },
  {
    "text": "上",
    "start": 172.625,
    "end": 172.925
  },
  {
    "text": "却",
    "start": 172.95,
    "end": 173.137
  },
  {
    "text": "是",
    "start": 173.137,
    "end": 173.225
  },
  {
    "text": "分散",
    "start": 173.238,
    "end": 173.65
  },
  {
    "text": "的",
    "start": 173.65,
    "end": 173.825
  },
  {
    "text": "其",
    "start": 174.387,
    "end": 174.575
  },
  {
    "text": "成员",
    "start": 174.588,
    "end": 174.975
  },
  {
    "text": "以",
    "start": 175.0,
    "end": 175.225
  },
  {
    "text": "不同",
    "start": 175.238,
    "end": 175.562
  },
  {
    "text": "规模",
    "start": 175.575,
    "end": 175.862
  },
  {
    "text": "的",
    "start": 175.863,
    "end": 175.95
  },
  {
    "text": "社群",
    "start": 175.963,
    "end": 176.475
  },
  {
    "text": "分散",
    "start": 176.575,
    "end": 176.925
  },
  {
    "text": "在",
    "start": 176.938,
    "end": 177.1
  },
  {
    "text": "世界",
    "start": 177.125,
    "end": 177.463
  },
  {
    "text": "各地",
    "start": 177.475,
    "end": 177.862
  },
  {
    "text": "但",
    "start": 178.088,
    "end": 178.35
  },
  {
    "text": "他们",
    "start": 178.363,
    "end": 178.613
  },
  {
    "text": "的",
    "start": 178.613,
    "end": 178.725
  },
  {
    "text": "心",
    "start": 178.725,
    "end": 179.012
  },
  {
    "text": "却",
    "start": 179.1,
    "end": 179.338
  },
  {
    "text": "凝聚",
    "start": 179.35,
    "end": 179.787
  },
  {
    "text": "在",
    "start": 179.863,
    "end": 180.188
  },
  {
    "text": "同",
    "start": 180.188,
    "end": 180.412
  },
  {
    "text": "一个地方",
    "start": 180.425,
    "end": 180.95
  },
  {
    "text": "当",
    "start": 181.512,
    "end": 181.762
  },
  {
    "text": "一个",
    "start": 181.775,
    "end": 182.05
  },
  {
    "text": "创业",
    "start": 182.075,
    "end": 182.387
  },
  {
    "text": "社会",
    "start": 182.4,
    "end": 182.675
  },
  {
    "text": "的",
    "start": 182.675,
    "end": 182.775
  },
  {
    "text": "人口和",
    "start": 182.787,
    "end": 183.237
  },
  {
    "text": "经济",
    "start": 183.25,
    "end": 183.662
  },
  {
    "text": "发展",
    "start": 183.762,
    "end": 184.15
  },
  {
    "text": "到",
    "start": 184.15,
    "end": 184.388
  },
  {
    "text": "与",
    "start": 184.412,
    "end": 184.562
  },
  {
    "text": "传统",
    "start": 184.575,
    "end": 184.925
  },
  {
    "text": "国家",
    "start": 184.938,
    "end": 185.238
  },
  {
    "text": "相当",
    "start": 185.25,
    "end": 185.738
  },
  {
    "text": "拥有",
    "start": 185.925,
    "end": 186.288
  },
  {
    "text": "数百",
    "start": 186.312,
    "end": 186.65
  },
  {
    "text": "万公民",
    "start": 186.662,
    "end": 187.275
  },
  {
    "text": "和",
    "start": 187.375,
    "end": 187.625
  },
  {
    "text": "数十亿",
    "start": 187.637,
    "end": 188.125
  },
  {
    "text": "美元",
    "start": 188.137,
    "end": 188.4
  },
  {
    "text": "的",
    "start": 188.4,
    "end": 188.463
  },
  {
    "text": "收入",
    "start": 188.475,
    "end": 188.775
  },
  {
    "text": "时",
    "start": 188.775,
    "end": 189.088
  },
  {
    "text": "它",
    "start": 189.363,
    "end": 189.575
  },
  {
    "text": "最终",
    "start": 189.588,
    "end": 189.9
  },
  {
    "text": "应该",
    "start": 189.912,
    "end": 190.362
  },
  {
    "text": "能够",
    "start": 190.475,
    "end": 190.825
  },
  {
    "text": "获得",
    "start": 190.838,
    "end": 191.175
  },
  {
    "text": "现有",
    "start": 191.2,
    "end": 191.537
  },
  {
    "text": "主权国家",
    "start": 191.55,
    "end": 192.35
  },
  {
    "text": "乃至",
    "start": 192.45,
    "end": 192.812
  },
  {
    "text": "联合国",
    "start": 192.825,
    "end": 193.25
  },
  {
    "text": "的",
    "start": 193.25,
    "end": 193.325
  },
  {
    "text": "承认",
    "start": 193.338,
    "end": 193.787
  },
  {
    "text": "正如",
    "start": 193.9,
    "end": 194.25
  },
  {
    "text": "比特币",
    "start": 194.275,
    "end": 194.775
  },
  {
    "text": "现",
    "start": 194.8,
    "end": 194.963
  },
  {
    "text": "已",
    "start": 194.963,
    "end": 195.05
  },
  {
    "text": "成为",
    "start": 195.062,
    "end": 195.262
  },
  {
    "text": "一种",
    "start": 195.275,
    "end": 195.588
  },
  {
    "text": "真正",
    "start": 195.613,
    "end": 195.988
  },
  {
    "text": "的",
    "start": 195.988,
    "end": 196.125
  },
  {
    "text": "国家",
    "start": 196.15,
    "end": 196.412
  },
  {
    "text": "货币",
    "start": 196.425,
    "end": 196.738
  },
  {
    "text": "一样",
    "start": 196.75,
    "end": 197.062
  }
]